Date,Estimated Unemployment Rate (%),Period,Year
2019-05-31,8.87425925925926,2019-05,2019
2019-06-30,9.303333333333333,2019-06,2019
2019-07-31,9.033888888888889,2019-07,2019
2019-08-31,9.637924528301888,2019-08,2019
2019-09-30,9.051730769230769,2019-09,2019
2019-10-31,9.90090909090909,2019-10,2019
2019-11-30,9.868363636363636,2019-11,2019
2019-12-31,9.497358490566038,2019-12,2019
2020-01-31,9.950754716981132,2020-01,2020
2020-02-29,9.964716981132076,2020-02,2020
2020-03-31,10.700576923076921,2020-03,2020
2020-04-30,23.64156862745098,2020-04,2020
2020-05-31,24.875294117647062,2020-05,2020
2020-06-30,11.903599999999999,2020-06,2020
